rok;mc_ic;mc_nazev;odpa;pol;uz;nazev_odpa;nazev_pol;nazev_zdroj;rozpocet_schvaleny;rozpocet_upraveny;cerpani;
2025;00063410;HMP-MČ PRAHA 1;006330;5347;000000000;Převody vlastním fondům v rozpočtech územní úrovně;Neinv.přev.mezi stat.mě.vč.hl.m.Prahy a jejich m.o;Hlavní město Praha;171971.30;171971.30;36674.30;
2025;00063410;HMP-MČ PRAHA 1;006330;5347;000000081;Převody vlastním fondům v rozpočtech územní úrovně;Neinv.přev.mezi stat.mě.vč.hl.m.Prahy a jejich m.o;Hlavní město Praha;0.00;1641.00;0.00;
2025;00063461;HMP-MČ PRAHA 2;006330;4137;000013010;Převody vlastním fondům v rozpočtech územní úrovně;Neinv.přev.mezi stat.mě.vč.hl.m.Prahy a jejich m.o;Státní rozpočet;0.00;0.00;49.90;
2025;00063461;HMP-MČ PRAHA 2;006330;4137;000013015;Převody vlastním fondům v rozpočtech územní úrovně;Neinv.přev.mezi stat.mě.vč.hl.m.Prahy a jejich m.o;Státní rozpočet;0.00;0.00;3.44;
2025;00063461;HMP-MČ PRAHA 2;006330;5347;000000000;Převody vlastním fondům v rozpočtech územní úrovně;Neinv.přev.mezi stat.mě.vč.hl.m.Prahy a jejich m.o;Hlavní město Praha;273870.10;273870.10;61048.40;
2025;00063461;HMP-MČ PRAHA 2;006330;5347;000000081;Převody vlastním fondům v rozpočtech územní úrovně;Neinv.přev.mezi stat.mě.vč.hl.m.Prahy a jejich m.o;Hlavní město Praha;0.00;234.00;0.00;
2025;00063461;HMP-MČ PRAHA 2;006330;5347;000000115;Převody vlastním fondům v rozpočtech územní úrovně;Neinv.přev.mezi stat.mě.vč.hl.m.Prahy a jejich m.o;Hlavní město Praha;0.00;15880.00;0.00;
2025;00063517;HMP-MČ PRAHA  3;006330;5347;000000000;Převody vlastním fondům v rozpočtech územní úrovně;Neinv.přev.mezi stat.mě.vč.hl.m.Prahy a jejich m.o;Hlavní město Praha;416709.70;416709.70;94369.00;
2025;00063517;HMP-MČ PRAHA  3;006330;5347;000000081;Převody vlastním fondům v rozpočtech územní úrovně;Neinv.přev.mezi stat.mě.vč.hl.m.Prahy a jejich m.o;Hlavní město Praha;0.00;1850.00;0.00;
2025;00063517;HMP-MČ PRAHA  3;006330;5347;000000115;Převody vlastním fondům v rozpočtech územní úrovně;Neinv.přev.mezi stat.mě.vč.hl.m.Prahy a jejich m.o;Hlavní město Praha;0.00;28179.00;0.00;
2025;00063584;HMP-MČ PRAHA  4;006330;5347;000000000;Převody vlastním fondům v rozpočtech územní úrovně;Neinv.přev.mezi stat.mě.vč.hl.m.Prahy a jejich m.o;Hlavní město Praha;731716.80;731716.80;164311.60;
2025;00063584;HMP-MČ PRAHA  4;006330;5347;000000081;Převody vlastním fondům v rozpočtech územní úrovně;Neinv.přev.mezi stat.mě.vč.hl.m.Prahy a jejich m.o;Hlavní město Praha;0.00;491.00;0.00;
2025;00063584;HMP-MČ PRAHA  4;006330;5347;000000115;Převody vlastním fondům v rozpočtech územní úrovně;Neinv.přev.mezi stat.mě.vč.hl.m.Prahy a jejich m.o;Hlavní město Praha;0.00;12810.00;0.00;
2025;00063631;HMP-MČ PRAHA  5;006330;5347;000000000;Převody vlastním fondům v rozpočtech územní úrovně;Neinv.přev.mezi stat.mě.vč.hl.m.Prahy a jejich m.o;Hlavní město Praha;498107.30;498107.30;111644.90;
2025;00063631;HMP-MČ PRAHA  5;006330;5347;000000081;Převody vlastním fondům v rozpočtech územní úrovně;Neinv.přev.mezi stat.mě.vč.hl.m.Prahy a jejich m.o;Hlavní město Praha;0.00;212.00;0.00;
2025;00063631;HMP-MČ PRAHA  5;006330;5347;000000115;Převody vlastním fondům v rozpočtech územní úrovně;Neinv.přev.mezi stat.mě.vč.hl.m.Prahy a jejich m.o;Hlavní město Praha;0.00;7540.00;0.00;
2025;00063703;HMP-MČ PRAHA  6;006330;4137;000033092;Převody vlastním fondům v rozpočtech územní úrovně;Neinv.přev.mezi stat.mě.vč.hl.m.Prahy a jejich m.o;Státní rozpočet;0.00;0.00;68.26;
2025;00063703;HMP-MČ PRAHA  6;006330;4137;000098348;Převody vlastním fondům v rozpočtech územní úrovně;Neinv.přev.mezi stat.mě.vč.hl.m.Prahy a jejich m.o;Státní rozpočet;0.00;0.00;5.22;
2025;00063703;HMP-MČ PRAHA  6;006330;5347;000000000;Převody vlastním fondům v rozpočtech územní úrovně;Neinv.přev.mezi stat.mě.vč.hl.m.Prahy a jejich m.o;Hlavní město Praha;659722.60;659722.60;149599.40;
2025;00063703;HMP-MČ PRAHA  6;006330;5347;000000081;Převody vlastním fondům v rozpočtech územní úrovně;Neinv.přev.mezi stat.mě.vč.hl.m.Prahy a jejich m.o;Hlavní město Praha;0.00;450.00;0.00;
2025;00063703;HMP-MČ PRAHA  6;006330;5347;000000115;Převody vlastním fondům v rozpočtech územní úrovně;Neinv.přev.mezi stat.mě.vč.hl.m.Prahy a jejich m.o;Hlavní město Praha;0.00;7883.00;0.00;
2025;00063754;HMP-MČ PRAHA  7;006330;4137;000014007;Převody vlastním fondům v rozpočtech územní úrovně;Neinv.přev.mezi stat.mě.vč.hl.m.Prahy a jejich m.o;Státní rozpočet;0.00;0.00;229.50;
2025;00063754;HMP-MČ PRAHA  7;006330;4137;000098348;Převody vlastním fondům v rozpočtech územní úrovně;Neinv.přev.mezi stat.mě.vč.hl.m.Prahy a jejich m.o;Státní rozpočet;0.00;0.00;30.52;
2025;00063754;HMP-MČ PRAHA  7;006330;4251;000000008;Převody vlastním fondům v rozpočtech územní úrovně;Inv.přev.mezi stat.měst.vč.hl.m.Prahy a jejich m.o;Hlavní město Praha;8000.00;8000.00;0.00;
2025;00063754;HMP-MČ PRAHA  7;006330;5347;000000000;Převody vlastním fondům v rozpočtech územní úrovně;Neinv.přev.mezi stat.mě.vč.hl.m.Prahy a jejich m.o;Hlavní město Praha;254112.90;254112.90;57310.20;
2025;00063754;HMP-MČ PRAHA  7;006330;5347;000000081;Převody vlastním fondům v rozpočtech územní úrovně;Neinv.přev.mezi stat.mě.vč.hl.m.Prahy a jejich m.o;Hlavní město Praha;0.00;1849.00;0.00;
2025;00063754;HMP-MČ PRAHA  7;006330;5347;000000115;Převody vlastním fondům v rozpočtech územní úrovně;Neinv.přev.mezi stat.mě.vč.hl.m.Prahy a jejich m.o;Hlavní město Praha;0.00;14108.00;0.00;
2025;00063797;HMP-MČ PRAHA  8;006330;5347;000000000;Převody vlastním fondům v rozpočtech územní úrovně;Neinv.přev.mezi stat.mě.vč.hl.m.Prahy a jejich m.o;Hlavní město Praha;687222.00;687222.00;216118.30;
2025;00063797;HMP-MČ PRAHA  8;006330;5347;000000081;Převody vlastním fondům v rozpočtech územní úrovně;Neinv.přev.mezi stat.mě.vč.hl.m.Prahy a jejich m.o;Hlavní město Praha;0.00;350.00;0.00;
2025;00063797;HMP-MČ PRAHA  8;006330;5347;000000115;Převody vlastním fondům v rozpočtech územní úrovně;Neinv.přev.mezi stat.mě.vč.hl.m.Prahy a jejich m.o;Hlavní město Praha;0.00;14304.00;0.00;
2025;00063894;HMP-MČ PRAHA  9;006330;5347;000000000;Převody vlastním fondům v rozpočtech územní úrovně;Neinv.přev.mezi stat.mě.vč.hl.m.Prahy a jejich m.o;Hlavní město Praha;335617.20;335617.20;76003.40;
2025;00063894;HMP-MČ PRAHA  9;006330;5347;000000081;Převody vlastním fondům v rozpočtech územní úrovně;Neinv.přev.mezi stat.mě.vč.hl.m.Prahy a jejich m.o;Hlavní město Praha;0.00;939.00;0.00;
2025;00063894;HMP-MČ PRAHA  9;006330;5347;000000115;Převody vlastním fondům v rozpočtech územní úrovně;Neinv.přev.mezi stat.mě.vč.hl.m.Prahy a jejich m.o;Hlavní město Praha;0.00;363.00;0.00;
2025;00063941;HMP-MČ PRAHA 10;006330;5347;000000000;Převody vlastním fondům v rozpočtech územní úrovně;Neinv.přev.mezi stat.mě.vč.hl.m.Prahy a jejich m.o;Hlavní město Praha;617037.70;617037.70;139905.70;
2025;00063941;HMP-MČ PRAHA 10;006330;5347;000000081;Převody vlastním fondům v rozpočtech územní úrovně;Neinv.přev.mezi stat.mě.vč.hl.m.Prahy a jejich m.o;Hlavní město Praha;0.00;127.00;0.00;
2025;00063941;HMP-MČ PRAHA 10;006330;5347;000000115;Převody vlastním fondům v rozpočtech územní úrovně;Neinv.přev.mezi stat.mě.vč.hl.m.Prahy a jejich m.o;Hlavní město Praha;0.00;27333.00;0.00;
2025;00231126;HMP-MČ PRAHA 11;006330;4251;000000008;Převody vlastním fondům v rozpočtech územní úrovně;Inv.přev.mezi stat.měst.vč.hl.m.Prahy a jejich m.o;Hlavní město Praha;21650.00;21650.00;0.00;
2025;00231126;HMP-MČ PRAHA 11;006330;5347;000000000;Převody vlastním fondům v rozpočtech územní úrovně;Neinv.přev.mezi stat.mě.vč.hl.m.Prahy a jejich m.o;Hlavní město Praha;465106.80;465106.80;106350.80;
2025;00231126;HMP-MČ PRAHA 11;006330;5347;000000081;Převody vlastním fondům v rozpočtech územní úrovně;Neinv.přev.mezi stat.mě.vč.hl.m.Prahy a jejich m.o;Hlavní město Praha;0.00;350.00;0.00;
2025;00231151;HMP-MČ PRAHA 12;006330;4137;000013015;Převody vlastním fondům v rozpočtech územní úrovně;Neinv.přev.mezi stat.mě.vč.hl.m.Prahy a jejich m.o;Státní rozpočet;0.00;0.00;0.04;
2025;00231151;HMP-MČ PRAHA 12;006330;4137;000014007;Převody vlastním fondům v rozpočtech územní úrovně;Neinv.přev.mezi stat.mě.vč.hl.m.Prahy a jejich m.o;Státní rozpočet;0.00;0.00;29.60;
2025;00231151;HMP-MČ PRAHA 12;006330;4137;000098193;Převody vlastním fondům v rozpočtech územní úrovně;Neinv.přev.mezi stat.mě.vč.hl.m.Prahy a jejich m.o;Státní rozpočet;0.00;0.00;640.53;
2025;00231151;HMP-MČ PRAHA 12;006330;4137;000098348;Převody vlastním fondům v rozpočtech územní úrovně;Neinv.přev.mezi stat.mě.vč.hl.m.Prahy a jejich m.o;Státní rozpočet;0.00;0.00;14.37;
2025;00231151;HMP-MČ PRAHA 12;006330;4251;000000008;Převody vlastním fondům v rozpočtech územní úrovně;Inv.přev.mezi stat.měst.vč.hl.m.Prahy a jejich m.o;Hlavní město Praha;18000.00;18000.00;0.00;
2025;00231151;HMP-MČ PRAHA 12;006330;5347;000000000;Převody vlastním fondům v rozpočtech územní úrovně;Neinv.přev.mezi stat.mě.vč.hl.m.Prahy a jejich m.o;Hlavní město Praha;388625.30;388625.30;88772.10;
2025;00231151;HMP-MČ PRAHA 12;006330;5347;000000081;Převody vlastním fondům v rozpočtech územní úrovně;Neinv.přev.mezi stat.mě.vč.hl.m.Prahy a jejich m.o;Hlavní město Praha;0.00;1780.00;0.00;
2025;00231151;HMP-MČ PRAHA 12;006330;5347;000000115;Převody vlastním fondům v rozpočtech územní úrovně;Neinv.přev.mezi stat.mě.vč.hl.m.Prahy a jejich m.o;Hlavní město Praha;0.00;8542.00;0.00;
2025;00241687;HMP-MČ PRAHA 13;006330;4137;000013010;Převody vlastním fondům v rozpočtech územní úrovně;Neinv.přev.mezi stat.mě.vč.hl.m.Prahy a jejich m.o;Státní rozpočet;0.00;0.00;153.71;
2025;00241687;HMP-MČ PRAHA 13;006330;4137;000098348;Převody vlastním fondům v rozpočtech územní úrovně;Neinv.přev.mezi stat.mě.vč.hl.m.Prahy a jejich m.o;Státní rozpočet;0.00;0.00;80.86;
2025;00241687;HMP-MČ PRAHA 13;006330;5347;000000000;Převody vlastním fondům v rozpočtech územní úrovně;Neinv.přev.mezi stat.mě.vč.hl.m.Prahy a jejich m.o;Hlavní město Praha;409608.10;409608.10;93906.00;
2025;00241687;HMP-MČ PRAHA 13;006330;5347;000000081;Převody vlastním fondům v rozpočtech územní úrovně;Neinv.přev.mezi stat.mě.vč.hl.m.Prahy a jejich m.o;Hlavní město Praha;0.00;265.00;0.00;
2025;00241687;HMP-MČ PRAHA 13;006330;5347;000000115;Převody vlastním fondům v rozpočtech územní úrovně;Neinv.přev.mezi stat.mě.vč.hl.m.Prahy a jejich m.o;Hlavní město Praha;0.00;220.00;0.00;
2025;00231312;HMP-MČ PRAHA 14;006330;4137;000033092;Převody vlastním fondům v rozpočtech územní úrovně;Neinv.přev.mezi stat.mě.vč.hl.m.Prahy a jejich m.o;Státní rozpočet;0.00;0.00;181.19;
2025;00231312;HMP-MČ PRAHA 14;006330;4251;000000008;Převody vlastním fondům v rozpočtech územní úrovně;Inv.přev.mezi stat.měst.vč.hl.m.Prahy a jejich m.o;Hlavní město Praha;8937.10;8937.10;0.00;
2025;00231312;HMP-MČ PRAHA 14;006330;5347;000000000;Převody vlastním fondům v rozpočtech územní úrovně;Neinv.přev.mezi stat.mě.vč.hl.m.Prahy a jejich m.o;Hlavní město Praha;294612.30;294612.30;67235.70;
2025;00231312;HMP-MČ PRAHA 14;006330;5347;000000081;Převody vlastním fondům v rozpočtech územní úrovně;Neinv.přev.mezi stat.mě.vč.hl.m.Prahy a jejich m.o;Hlavní město Praha;0.00;951.00;0.00;
2025;00231355;HMP-MČ PRAHA 15;006330;4137;000098348;Převody vlastním fondům v rozpočtech územní úrovně;Neinv.přev.mezi stat.mě.vč.hl.m.Prahy a jejich m.o;Státní rozpočet;0.00;0.00;164.67;
2025;00231355;HMP-MČ PRAHA 15;006330;5347;000000000;Převody vlastním fondům v rozpočtech územní úrovně;Neinv.přev.mezi stat.mě.vč.hl.m.Prahy a jejich m.o;Hlavní město Praha;216770.60;216770.60;47723.60;
2025;00231355;HMP-MČ PRAHA 15;006330;5347;000000115;Převody vlastním fondům v rozpočtech územní úrovně;Neinv.přev.mezi stat.mě.vč.hl.m.Prahy a jejich m.o;Hlavní město Praha;0.00;8149.00;0.00;
2025;00241598;HMP-MČ PRAHA 16;006330;5347;000000000;Převody vlastním fondům v rozpočtech územní úrovně;Neinv.přev.mezi stat.mě.vč.hl.m.Prahy a jejich m.o;Hlavní město Praha;85142.60;85142.60;17529.80;
2025;00241598;HMP-MČ PRAHA 16;006330;5347;000000081;Převody vlastním fondům v rozpočtech územní úrovně;Neinv.přev.mezi stat.mě.vč.hl.m.Prahy a jejich m.o;Hlavní město Praha;0.00;11812.50;0.00;
2025;00241598;HMP-MČ PRAHA 16;006330;5347;000000115;Převody vlastním fondům v rozpočtech územní úrovně;Neinv.přev.mezi stat.mě.vč.hl.m.Prahy a jejich m.o;Hlavní město Praha;0.00;1311.00;0.00;
2025;00231223;HMP-MČ PRAHA 17;006330;4251;000000008;Převody vlastním fondům v rozpočtech územní úrovně;Inv.přev.mezi stat.měst.vč.hl.m.Prahy a jejich m.o;Hlavní město Praha;9000.00;9000.00;0.00;
2025;00231223;HMP-MČ PRAHA 17;006330;5347;000000000;Převody vlastním fondům v rozpočtech územní úrovně;Neinv.přev.mezi stat.mě.vč.hl.m.Prahy a jejich m.o;Hlavní město Praha;136911.70;136911.70;30459.20;
2025;00231223;HMP-MČ PRAHA 17;006330;5347;000000081;Převody vlastním fondům v rozpočtech územní úrovně;Neinv.přev.mezi stat.mě.vč.hl.m.Prahy a jejich m.o;Hlavní město Praha;0.00;42.00;0.00;
2025;00231223;HMP-MČ PRAHA 17;006330;5347;000000115;Převody vlastním fondům v rozpočtech územní úrovně;Neinv.přev.mezi stat.mě.vč.hl.m.Prahy a jejich m.o;Hlavní město Praha;0.00;2888.00;0.00;
2025;00231321;HMP-MČ PRAHA 18;006330;4251;000000008;Převody vlastním fondům v rozpočtech územní úrovně;Inv.přev.mezi stat.měst.vč.hl.m.Prahy a jejich m.o;Hlavní město Praha;9750.00;9750.00;0.00;
2025;00231321;HMP-MČ PRAHA 18;006330;5347;000000000;Převody vlastním fondům v rozpočtech územní úrovně;Neinv.přev.mezi stat.mě.vč.hl.m.Prahy a jejich m.o;Hlavní město Praha;141931.50;141931.50;31221.60;
2025;00231304;HMP-MČ PRAHA 19;006330;5347;000000000;Převody vlastním fondům v rozpočtech územní úrovně;Neinv.přev.mezi stat.mě.vč.hl.m.Prahy a jejich m.o;Hlavní město Praha;66329.40;66329.40;14594.70;
2025;00240192;HMP-MČ PRAHA 20;006330;5347;000000000;Převody vlastním fondům v rozpočtech územní úrovně;Neinv.přev.mezi stat.mě.vč.hl.m.Prahy a jejich m.o;Hlavní město Praha;133239.40;133239.40;30795.20;
2025;00240192;HMP-MČ PRAHA 20;006330;5347;000000081;Převody vlastním fondům v rozpočtech územní úrovně;Neinv.přev.mezi stat.mě.vč.hl.m.Prahy a jejich m.o;Hlavní město Praha;0.00;9591.00;0.00;
2025;00240192;HMP-MČ PRAHA 20;006330;5347;000000115;Převody vlastním fondům v rozpočtech územní úrovně;Neinv.přev.mezi stat.mě.vč.hl.m.Prahy a jejich m.o;Hlavní město Praha;0.00;958.00;0.00;
2025;00240192;HMP-MČ PRAHA 20;006330;6363;000000012;Převody vlastním fondům v rozpočtech územní úrovně;Inv.přev.mezi stat.měs.vč.hl.m.Prahy a jejich m.o.;Hlavní město Praha;0.00;30000.00;0.00;
2025;00240923;HMP-MČ PRAHA 21;006330;5347;000000000;Převody vlastním fondům v rozpočtech územní úrovně;Neinv.přev.mezi stat.mě.vč.hl.m.Prahy a jejich m.o;Hlavní město Praha;95589.00;95589.00;21129.30;
2025;00240923;HMP-MČ PRAHA 21;006330;5347;000000115;Převody vlastním fondům v rozpočtech územní úrovně;Neinv.přev.mezi stat.mě.vč.hl.m.Prahy a jejich m.o;Hlavní město Praha;0.00;599.00;0.00;
2025;00240915;HMP-MČ PRAHA 22;006330;4137;000098348;Převody vlastním fondům v rozpočtech územní úrovně;Neinv.přev.mezi stat.mě.vč.hl.m.Prahy a jejich m.o;Státní rozpočet;0.00;0.00;38.75;
2025;00240915;HMP-MČ PRAHA 22;006330;4251;000000008;Převody vlastním fondům v rozpočtech územní úrovně;Inv.přev.mezi stat.měst.vč.hl.m.Prahy a jejich m.o;Hlavní město Praha;3077.60;3077.60;0.00;
2025;00240915;HMP-MČ PRAHA 22;006330;5347;000000000;Převody vlastním fondům v rozpočtech územní úrovně;Neinv.přev.mezi stat.mě.vč.hl.m.Prahy a jejich m.o;Hlavní město Praha;118668.80;118668.80;26538.90;
2025;00240915;HMP-MČ PRAHA 22;006330;5347;000000115;Převody vlastním fondům v rozpočtech územní úrovně;Neinv.přev.mezi stat.mě.vč.hl.m.Prahy a jejich m.o;Hlavní město Praha;0.00;596.00;0.00;
2025;00240044;HMP-MČ BĚCHOVICE;006330;4251;000000008;Převody vlastním fondům v rozpočtech územní úrovně;Inv.přev.mezi stat.měst.vč.hl.m.Prahy a jejich m.o;Hlavní město Praha;909.60;909.60;0.00;
2025;00240044;HMP-MČ BĚCHOVICE;006330;5347;000000000;Převody vlastním fondům v rozpočtech územní úrovně;Neinv.přev.mezi stat.mě.vč.hl.m.Prahy a jejich m.o;Hlavní město Praha;18269.00;18269.00;4553.90;
2025;00240052;HMP-MČ BENICE;006330;5347;000000000;Převody vlastním fondům v rozpočtech územní úrovně;Neinv.přev.mezi stat.mě.vč.hl.m.Prahy a jejich m.o;Hlavní město Praha;5105.00;5105.00;1271.90;
2025;00240109;HMP-MČ BŘEZINĚVES;006330;4251;000000008;Převody vlastním fondům v rozpočtech územní úrovně;Inv.přev.mezi stat.měst.vč.hl.m.Prahy a jejich m.o;Hlavní město Praha;1400.00;1400.00;0.00;
2025;00240109;HMP-MČ BŘEZINĚVES;006330;5347;000000000;Převody vlastním fondům v rozpočtech územní úrovně;Neinv.přev.mezi stat.mě.vč.hl.m.Prahy a jejich m.o;Hlavní město Praha;27877.10;27877.10;3287.60;
2025;00240109;HMP-MČ BŘEZINĚVES;006330;5347;000000115;Převody vlastním fondům v rozpočtech územní úrovně;Neinv.přev.mezi stat.mě.vč.hl.m.Prahy a jejich m.o;Hlavní město Praha;0.00;358.00;0.00;
2025;00231291;HMP-MČ ČAKOVICE;006330;4137;000098193;Převody vlastním fondům v rozpočtech územní úrovně;Neinv.přev.mezi stat.mě.vč.hl.m.Prahy a jejich m.o;Státní rozpočet;0.00;0.00;61.83;
2025;00231291;HMP-MČ ČAKOVICE;006330;4137;000098348;Převody vlastním fondům v rozpočtech územní úrovně;Neinv.přev.mezi stat.mě.vč.hl.m.Prahy a jejich m.o;Státní rozpočet;0.00;0.00;40.30;
2025;00231291;HMP-MČ ČAKOVICE;006330;4251;000000008;Převody vlastním fondům v rozpočtech územní úrovně;Inv.přev.mezi stat.měst.vč.hl.m.Prahy a jejich m.o;Hlavní město Praha;7000.00;7000.00;0.00;
2025;00231291;HMP-MČ ČAKOVICE;006330;5347;000000000;Převody vlastním fondům v rozpočtech územní úrovně;Neinv.přev.mezi stat.mě.vč.hl.m.Prahy a jejich m.o;Hlavní město Praha;88445.80;88445.80;22046.40;
2025;00231266;HMP-MČ ĎÁBLICE;006330;5347;000000000;Převody vlastním fondům v rozpočtech územní úrovně;Neinv.přev.mezi stat.mě.vč.hl.m.Prahy a jejich m.o;Hlavní město Praha;42562.10;42562.10;6948.70;
2025;00231274;HMP-MČ DOLNÍ CHABRY;006330;4251;000000008;Převody vlastním fondům v rozpočtech územní úrovně;Inv.přev.mezi stat.měst.vč.hl.m.Prahy a jejich m.o;Hlavní město Praha;1500.00;1500.00;0.00;
2025;00231274;HMP-MČ DOLNÍ CHABRY;006330;5347;000000000;Převody vlastním fondům v rozpočtech územní úrovně;Neinv.přev.mezi stat.mě.vč.hl.m.Prahy a jejich m.o;Hlavní město Praha;36520.40;36520.40;8975.60;
2025;00231347;HMP-MČ DOLNÍ MĚCHOLUPY;006330;5347;000000000;Převody vlastním fondům v rozpočtech územní úrovně;Neinv.přev.mezi stat.mě.vč.hl.m.Prahy a jejich m.o;Hlavní město Praha;24878.00;24878.00;6197.80;
2025;00240150;HMP-MČ DOLNÍ POČERNICE;006330;4137;000098348;Převody vlastním fondům v rozpočtech územní úrovně;Neinv.přev.mezi stat.mě.vč.hl.m.Prahy a jejich m.o;Státní rozpočet;0.00;0.00;9.24;
2025;00240150;HMP-MČ DOLNÍ POČERNICE;006330;5347;000000000;Převody vlastním fondům v rozpočtech územní úrovně;Neinv.přev.mezi stat.mě.vč.hl.m.Prahy a jejich m.o;Hlavní město Praha;21519.20;21519.20;5363.80;
2025;00240184;HMP-MČ DUBEČ;006330;5347;000000000;Převody vlastním fondům v rozpočtech územní úrovně;Neinv.přev.mezi stat.mě.vč.hl.m.Prahy a jejich m.o;Hlavní město Praha;30587.50;30587.50;7624.80;
2025;00240184;HMP-MČ DUBEČ;006330;5347;000000115;Převody vlastním fondům v rozpočtech územní úrovně;Neinv.přev.mezi stat.mě.vč.hl.m.Prahy a jejich m.o;Hlavní město Praha;0.00;345.00;0.00;
2025;00240281;HMP-MČ KLÁNOVICE;006330;5347;000000000;Převody vlastním fondům v rozpočtech územní úrovně;Neinv.přev.mezi stat.mě.vč.hl.m.Prahy a jejich m.o;Hlavní město Praha;29031.20;29031.20;7238.10;
2025;00240338;HMP-MČ KOLODĚJE;006330;4251;000000008;Převody vlastním fondům v rozpočtech územní úrovně;Inv.přev.mezi stat.měst.vč.hl.m.Prahy a jejich m.o;Hlavní město Praha;1000.00;1000.00;0.00;
2025;00240338;HMP-MČ KOLODĚJE;006330;5347;000000000;Převody vlastním fondům v rozpočtech územní úrovně;Neinv.přev.mezi stat.mě.vč.hl.m.Prahy a jejich m.o;Hlavní město Praha;12071.90;12071.90;3009.40;
2025;00240346;HMP-MČ KOLOVRATY;006330;5347;000000000;Převody vlastním fondům v rozpočtech územní úrovně;Neinv.přev.mezi stat.mě.vč.hl.m.Prahy a jejich m.o;Hlavní město Praha;29391.80;29391.80;7327.30;
2025;00240346;HMP-MČ KOLOVRATY;006330;5347;000000115;Převody vlastním fondům v rozpočtech územní úrovně;Neinv.přev.mezi stat.mě.vč.hl.m.Prahy a jejich m.o;Hlavní město Praha;0.00;191.00;0.00;
2025;00240362;HMP-MČ KRÁLOVICE;006330;4137;000098348;Převody vlastním fondům v rozpočtech územní úrovně;Neinv.přev.mezi stat.mě.vč.hl.m.Prahy a jejich m.o;Státní rozpočet;0.00;0.00;8.13;
2025;00240362;HMP-MČ KRÁLOVICE;006330;5347;000000000;Převody vlastním fondům v rozpočtech územní úrovně;Neinv.přev.mezi stat.mě.vč.hl.m.Prahy a jejich m.o;Hlavní město Praha;2980.70;2980.70;743.20;
2025;00240389;HMP-MČ KŘESLICE;006330;4137;000098348;Převody vlastním fondům v rozpočtech územní úrovně;Neinv.přev.mezi stat.mě.vč.hl.m.Prahy a jejich m.o;Státní rozpočet;0.00;0.00;15.47;
2025;00240389;HMP-MČ KŘESLICE;006330;5347;000000000;Převody vlastním fondům v rozpočtech územní úrovně;Neinv.přev.mezi stat.mě.vč.hl.m.Prahy a jejich m.o;Hlavní město Praha;7733.50;7733.50;1928.00;
2025;00231134;HMP-MČ KUNRATICE;006330;5347;000000000;Převody vlastním fondům v rozpočtech územní úrovně;Neinv.přev.mezi stat.mě.vč.hl.m.Prahy a jejich m.o;Hlavní město Praha;65464.70;65464.70;16310.60;
2025;00231142;HMP-MČ LIBUŠ;006330;4137;000014007;Převody vlastním fondům v rozpočtech územní úrovně;Neinv.přev.mezi stat.mě.vč.hl.m.Prahy a jejich m.o;Státní rozpočet;0.00;0.00;96.06;
2025;00231142;HMP-MČ LIBUŠ;006330;5347;000000000;Převody vlastním fondům v rozpočtech územní úrovně;Neinv.přev.mezi stat.mě.vč.hl.m.Prahy a jejich m.o;Hlavní město Praha;64269.50;64269.50;16010.50;
2025;00231142;HMP-MČ LIBUŠ;006330;5347;000000081;Převody vlastním fondům v rozpočtech územní úrovně;Neinv.přev.mezi stat.mě.vč.hl.m.Prahy a jejich m.o;Hlavní město Praha;0.00;73.00;0.00;
2025;00241431;HMP-MČ LIPENCE;006330;5347;000000000;Převody vlastním fondům v rozpočtech územní úrovně;Neinv.přev.mezi stat.mě.vč.hl.m.Prahy a jejich m.o;Hlavní město Praha;21725.60;21725.60;5415.10;
2025;00241458;HMP-MČ LOCHKOV;006330;5347;000000000;Převody vlastním fondům v rozpočtech územní úrovně;Neinv.přev.mezi stat.mě.vč.hl.m.Prahy a jejich m.o;Hlavní město Praha;5937.20;5937.20;1480.20;
2025;00231207;HMP-MČ LYSOLAJE;006330;4137;000098348;Převody vlastním fondům v rozpočtech územní úrovně;Neinv.přev.mezi stat.mě.vč.hl.m.Prahy a jejich m.o;Státní rozpočet;0.00;0.00;7.40;
2025;00231207;HMP-MČ LYSOLAJE;006330;4251;000000008;Převody vlastním fondům v rozpočtech územní úrovně;Inv.přev.mezi stat.měst.vč.hl.m.Prahy a jejich m.o;Hlavní město Praha;2000.00;2000.00;0.00;
2025;00231207;HMP-MČ LYSOLAJE;006330;5347;000000000;Převody vlastním fondům v rozpočtech územní úrovně;Neinv.přev.mezi stat.mě.vč.hl.m.Prahy a jejich m.o;Hlavní město Praha;10952.30;10952.30;2730.00;
2025;00231215;HMP-MČ NEBUŠICE;006330;4251;000000008;Převody vlastním fondům v rozpočtech územní úrovně;Inv.přev.mezi stat.měst.vč.hl.m.Prahy a jejich m.o;Hlavní město Praha;1000.00;1000.00;0.00;
2025;00231215;HMP-MČ NEBUŠICE;006330;5347;000000000;Převody vlastním fondům v rozpočtech územní úrovně;Neinv.přev.mezi stat.mě.vč.hl.m.Prahy a jejich m.o;Hlavní město Praha;20870.70;20870.70;5202.00;
2025;00231215;HMP-MČ NEBUŠICE;006330;5347;000000115;Převody vlastním fondům v rozpočtech územní úrovně;Neinv.přev.mezi stat.mě.vč.hl.m.Prahy a jejich m.o;Hlavní město Praha;0.00;2022.00;0.00;
2025;00240516;HMP-MČ NEDVĚZÍ;006330;5347;000000000;Převody vlastním fondům v rozpočtech územní úrovně;Neinv.přev.mezi stat.mě.vč.hl.m.Prahy a jejich m.o;Hlavní město Praha;2246.60;2246.60;560.00;
2025;00231363;HMP-MČ PETROVICE;006330;4251;000000008;Převody vlastním fondům v rozpočtech územní úrovně;Inv.přev.mezi stat.měst.vč.hl.m.Prahy a jejich m.o;Hlavní město Praha;1200.00;1200.00;0.00;
2025;00231363;HMP-MČ PETROVICE;006330;5347;000000000;Převody vlastním fondům v rozpočtech územní úrovně;Neinv.přev.mezi stat.mě.vč.hl.m.Prahy a jejich m.o;Hlavní město Praha;35148.10;35148.10;8750.20;
2025;00231363;HMP-MČ PETROVICE;006330;5347;000000115;Převody vlastním fondům v rozpočtech územní úrovně;Neinv.přev.mezi stat.mě.vč.hl.m.Prahy a jejich m.o;Hlavní město Praha;0.00;3718.00;0.00;
2025;00241571;HMP-MČ PŘEDNÍ KOPANINA;006330;4137;000098348;Převody vlastním fondům v rozpočtech územní úrovně;Neinv.přev.mezi stat.mě.vč.hl.m.Prahy a jejich m.o;Státní rozpočet;0.00;0.00;25.50;
2025;00241571;HMP-MČ PŘEDNÍ KOPANINA;006330;5347;000000000;Převody vlastním fondům v rozpočtech územní úrovně;Neinv.přev.mezi stat.mě.vč.hl.m.Prahy a jejich m.o;Hlavní město Praha;4155.30;4155.30;1035.70;
2025;00241628;HMP-MČ ŘEPORYJE;006330;5347;000000000;Převody vlastním fondům v rozpočtech územní úrovně;Neinv.přev.mezi stat.mě.vč.hl.m.Prahy a jejich m.o;Hlavní město Praha;40054.00;40054.00;9981.80;
2025;00240711;HMP-MČ SATALICE;006330;5347;000000000;Převody vlastním fondům v rozpočtech územní úrovně;Neinv.přev.mezi stat.mě.vč.hl.m.Prahy a jejich m.o;Hlavní město Praha;19289.40;19289.40;4808.10;
2025;00241661;HMP-MČ SLIVENEC;006330;4251;000000008;Převody vlastním fondům v rozpočtech územní úrovně;Inv.přev.mezi stat.měst.vč.hl.m.Prahy a jejich m.o;Hlavní město Praha;2330.00;2330.00;0.00;
2025;00241661;HMP-MČ SLIVENEC;006330;5347;000000000;Převody vlastním fondům v rozpočtech územní úrovně;Neinv.přev.mezi stat.mě.vč.hl.m.Prahy a jejich m.o;Hlavní město Praha;28204.40;28204.40;7031.10;
2025;00231231;HMP-MČ SUCHDOL;006330;5347;000000000;Převody vlastním fondům v rozpočtech územní úrovně;Neinv.přev.mezi stat.mě.vč.hl.m.Prahy a jejich m.o;Hlavní město Praha;49053.90;49053.90;12227.30;
2025;00241717;HMP-MČ ŠEBEROV;006330;4137;000098193;Převody vlastním fondům v rozpočtech územní úrovně;Neinv.přev.mezi stat.mě.vč.hl.m.Prahy a jejich m.o;Státní rozpočet;0.00;0.00;51.56;
2025;00241717;HMP-MČ ŠEBEROV;006330;4251;000000008;Převody vlastním fondům v rozpočtech územní úrovně;Inv.přev.mezi stat.měst.vč.hl.m.Prahy a jejich m.o;Hlavní město Praha;1500.00;1500.00;0.00;
2025;00241717;HMP-MČ ŠEBEROV;006330;5347;000000000;Převody vlastním fondům v rozpočtech územní úrovně;Neinv.přev.mezi stat.mě.vč.hl.m.Prahy a jejich m.o;Hlavní město Praha;22790.80;22790.80;5680.70;
2025;00231371;HMP-MČ ŠTĚRBOHOLY;006330;4251;000000008;Převody vlastním fondům v rozpočtech územní úrovně;Inv.přev.mezi stat.měst.vč.hl.m.Prahy a jejich m.o;Hlavní město Praha;2000.00;2000.00;0.00;
2025;00231371;HMP-MČ ŠTĚRBOHOLY;006330;5347;000000000;Převody vlastním fondům v rozpočtech územní úrovně;Neinv.přev.mezi stat.mě.vč.hl.m.Prahy a jejich m.o;Hlavní město Praha;17143.20;17143.20;4272.80;
2025;45246858;HMP-MČ TROJA;006330;4137;000098348;Převody vlastním fondům v rozpočtech územní úrovně;Neinv.přev.mezi stat.mě.vč.hl.m.Prahy a jejich m.o;Státní rozpočet;0.00;0.00;28.10;
2025;45246858;HMP-MČ TROJA;006330;5347;000000000;Převody vlastním fondům v rozpočtech územní úrovně;Neinv.přev.mezi stat.mě.vč.hl.m.Prahy a jejich m.o;Hlavní město Praha;10814.90;10814.90;2695.20;
2025;00241784;HMP-MČ ÚJEZD;006330;4137;000098193;Převody vlastním fondům v rozpočtech územní úrovně;Neinv.přev.mezi stat.mě.vč.hl.m.Prahy a jejich m.o;Státní rozpočet;0.00;0.00;69.94;
2025;00241784;HMP-MČ ÚJEZD;006330;4137;000098348;Převody vlastním fondům v rozpočtech územní úrovně;Neinv.přev.mezi stat.mě.vč.hl.m.Prahy a jejich m.o;Státní rozpočet;0.00;0.00;18.16;
2025;00241784;HMP-MČ ÚJEZD;006330;4251;000000008;Převody vlastním fondům v rozpočtech územní úrovně;Inv.přev.mezi stat.měst.vč.hl.m.Prahy a jejich m.o;Hlavní město Praha;600.00;600.00;0.00;
2025;00241784;HMP-MČ ÚJEZD;006330;5347;000000000;Převody vlastním fondům v rozpočtech územní úrovně;Neinv.přev.mezi stat.mě.vč.hl.m.Prahy a jejich m.o;Hlavní město Praha;25438.50;25438.50;6339.90;
2025;00231185;HMP-MČ VELKÁ CHUCHLE;006330;5347;000000000;Převody vlastním fondům v rozpočtech územní úrovně;Neinv.přev.mezi stat.mě.vč.hl.m.Prahy a jejich m.o;Hlavní město Praha;20175.60;20175.60;5028.60;
2025;00240982;HMP-MČ VINOŘ;006330;4251;000000008;Převody vlastním fondům v rozpočtech územní úrovně;Inv.přev.mezi stat.měst.vč.hl.m.Prahy a jejich m.o;Hlavní město Praha;409.50;409.50;0.00;
2025;00240982;HMP-MČ VINOŘ;006330;5347;000000000;Převody vlastním fondům v rozpočtech územní úrovně;Neinv.přev.mezi stat.mě.vč.hl.m.Prahy a jejich m.o;Hlavní město Praha;34689.70;34689.70;8648.00;
2025;00241857;HMP-MČ ZBRASLAV;006330;5347;000000000;Převody vlastním fondům v rozpočtech územní úrovně;Neinv.přev.mezi stat.mě.vč.hl.m.Prahy a jejich m.o;Hlavní město Praha;73135.80;73135.80;18215.40;
2025;00241857;HMP-MČ ZBRASLAV;006330;5347;000000115;Převody vlastním fondům v rozpočtech územní úrovně;Neinv.přev.mezi stat.mě.vč.hl.m.Prahy a jejich m.o;Hlavní město Praha;0.00;417.00;0.00;
2025;00241881;HMP-MČ ZLIČÍN;006330;5347;000000000;Převody vlastním fondům v rozpočtech územní úrovně;Neinv.přev.mezi stat.mě.vč.hl.m.Prahy a jejich m.o;Hlavní město Praha;53555.50;53555.50;13343.70;
